{"cameraMode":{"drawMode":0,"name":"Shaded","section":"Shading Mode"},"sceneLighting":true,"audioPlay":false,"sceneViewState":{"showFog":true,"showMaterialUpdate":false,"showSkybox":true,"showFlares":true,"showImageEffects":true,"showParticleSystems":true,"showVisualEffectGraphs":true,"m_FxEnabled":true},"in2DMode":false,"pivot":{"x":-24.20914649963379,"y":6.779815673828125,"z":30.249452590942384},"rotation":{"x":0.18068654835224152,"y":-0.22926880419254304,"z":0.04335208609700203,"w":0.9554728865623474},"size":14.744361877441407,"orthographic":false}